,000001,399001,399005,399006,000016,000300,000905
0,-0.0027185609290289216,-0.014102148982475296,-0.013245088324722008,-0.03037723385935587,0.007342975610088649,0.002408915009519915,-0.014122405396292935
1,0.022297169343394232,0.022147299781181913,0.01868078463748208,0.02114262701750873,0.01282759199742962,0.01739139578082978,0.02520600506300369
2,-0.07305415994577527,-0.08585243238277304,-0.0854014078728319,-0.08973421023965271,-0.060958258896561424,-0.07185506702413653,-0.08926334661060181
3,0.019460608029944235,0.011884192752364478,0.012125493160019459,-0.0033425769828250313,0.017736022389895086,0.0201871655773832,0.016603272448583357
4,-0.05473137251187482,-0.06413629669819858,-0.06527376073625078,-0.06551988727254399,-0.04580693141045053,-0.05161650484735001,-0.06960315037680272
5,0.00203988440748865,0.007923514205899061,0.009656251701360303,0.019357005236826704,0.005240392084677912,0.007259526026650179,0.0013044912215034188
6,-0.024533835176125132,-0.03106721075574006,-0.031085594989086585,-0.0417191635290708,-0.012207247375708953,-0.018780793674381326,-0.03526197163296177
7,0.01948947499688784,0.03603266441740811,0.035673652720755136,0.05443408124935382,0.012540310977516587,0.02060143892166057,0.03333071966664057
8,-0.03611387911052383,-0.03412043991830638,-0.03117023657348737,-0.028971850793890256,-0.029100247306129395,-0.03244295069723647,-0.038468777903096475
9,0.004426635097530674,0.015683653917142555,0.016386148080863364,0.02893506867735084,-0.000801893671297449,0.003840336524493709,0.014357686760315522
10,0.031717167259866966,0.033484993548351286,0.03353990480420461,0.030238026483024965,0.028254504680593675,0.02908363033640183,0.03584154992979735
11,-0.010377021246183608,-0.012932503576376589,-0.013759614657987168,-0.016665740456598913,-0.018898954587704624,-0.015237496847030409,-0.009499414392118814
12,-0.032854998008200534,-0.038434014092270846,-0.03605486608502117,-0.04274402429047326,-0.023121353505614086,-0.029744525042056696,-0.041854266697109316
13,0.012447892676915557,0.013501111610272787,0.010216223628902527,0.017452384429398334,0.01022690210290031,0.010366835326573167,0.015796423507526608
14,0.007497810557504851,0.007974786281466726,0.00885344797709801,0.004284649845548599,0.0016862920117451385,0.004943661097335907,0.0101016169328752
15,-0.06637810503533043,-0.07209638030421671,-0.06983741122866435,-0.07939402967464264,-0.05668860582902494,-0.06209527337292455,-0.07776834153856266
16,-0.005188377012127533,-0.00646570163812363,-0.007713045578298831,0.0017086269755545735,0.00094748628751863,-0.003461165874432356,-0.013531075091612646
17,-0.029642956742384843,-0.03673362287518815,-0.033933631328469764,-0.04662825418608963,-0.02107584645221476,-0.026484446802918414,-0.04506103784690948
18,0.030388412784039,0.03628459329697621,0.03662020225282548,0.04492464211734545,0.031033982668813027,0.0318414444550468,0.03685582251908722
19,-0.01796803124387545,-0.010265716845931897,-0.011370153515533452,-0.0006872766308027012,-0.01838377332118403,-0.015406127045171865,-0.012816901786906488
20,0.022330942904132012,0.03052272181228203,0.03011285543454109,0.04061541822646875,0.01666410861238706,0.02056575131755211,0.03407359048131942
21,-0.0037603755126828053,0.002902889341221101,0.0010836498948260812,0.007307152394226235,-0.00879661153350464,-0.004294444642757454,0.004204778987314695
22,0.01513360658027949,0.015871110841290906,0.013389637055171412,0.017135214077371282,0.011139494959034138,0.012175294500510428,0.019648238874913775
23,-0.006323393198613645,-0.01228687204567987,-0.013280242740128503,-0.014040286233822202,-0.003541802510027926,-0.007050486880683179,-0.010063594478221513
24,-0.006276235779517181,-0.0004797769956246328,0.00025937297510282597,0.00942142745628909,-0.009694779600587624,-0.005779560965752223,0.0006777124640801564
25,0.032377437875189055,0.03820348819979014,0.037260649265781785,0.03940983786524121,0.026650147282839046,0.030194063113539265,0.04053769359018372
26,0.010789194950716958,0.01152080774108149,0.012465852358096077,0.00607164207595676,0.0067441617998758785,0.008615938263682059,0.011602007865977655
27,-0.0015531665900221773,-0.004474770228847185,-0.005927851641419784,-0.011088907952772547,-0.002569769116113968,-0.0031453249886195483,-0.0023942589489821175
28,-0.0010029863270948074,0.004528893193283348,0.004106720668387207,0.009132442069513044,-0.002571400088305619,-0.0006944808707239907,0.003751475708666953
29,0.023210884417327896,0.020325722840015555,0.01902127647654958,0.015505508590135405,0.02452087755921034,0.021811267457837815,0.02055812418799158
30,-0.008181148141614183,-0.006900629492576208,-0.006648361194782214,-0.0122949430355775,-0.011921637602716905,-0.009506807015082407,-0.005457447368497824
31,0.008768571827581497,0.0007725418076012937,-0.0021321278989814884,-0.006504073260131302,0.005831636484002572,0.006514071471818813,0.006655997463019315
32,-0.06621290516763756,-0.07623016059119044,-0.07647626014872304,-0.07860905359454269,-0.05476470179319107,-0.06332257875304641,-0.082689374127816
33,0.009425571645534071,0.002365518510315154,0.003113871625522139,-0.010967371028067661,0.01172852950636277,0.00998170823101414,0.004060319600710726
34,-0.02904961023846285,-0.05103549407143048,-0.049746488959152554,-0.06922793148417278,-0.005533333263489403,-0.024225714823300132,-0.0542909854279192
35,0.016672125562037902,0.024392936407869454,0.023148376906672152,0.02871442106475316,0.014590079628665866,0.018326454342170784,0.022765084569847285
36,0.04174459955578471,0.04656765351639905,0.0415971613190914,0.04184270427069665,0.03496845851304493,0.04033967095917385,0.04980551481455056
37,0.0035309979518388874,-0.00044652962226717895,0.0008434614280648334,-0.005227756720434123,0.00481366327812859,0.0023208816015446313,0.004133523894349536
38,0.005019273134986771,-0.023349759595314098,-0.022683512555234087,-0.05112862775582245,0.0330526263061705,0.011530756090577583,-0.027271849330081095
39,0.00803609632815172,0.017372090689878505,0.014530004828769332,0.02398330668245245,-0.006903198617082561,0.0035329854308254896,0.023034029304154435
40,0.001396857814912524,0.002973779444280717,0.0008134731738903061,0.02470597305001646,0.0035473878202469883,0.000911064994905713,0.0020456936441361692
41,-0.013473603145369072,-0.02176980603007351,-0.018272103107218277,-0.015796955728341326,-0.001532973416401736,-0.011573731280718485,-0.025884093642809327
42,-0.020409051702179853,-0.01404206013250753,-0.013479994510601202,-0.017319729319305355,-0.024187867651883542,-0.01931347480412394,-0.017073775987396272
43,0.001987519888321001,-0.002873025839175802,-0.0030080883287750444,-0.001084755674780863,0.0044867541999306215,0.0017010895383215209,-0.002351570715593996
44,0.01735198682771695,0.03171502278299635,0.031281379033125827,0.044605676357173225,0.003706805429238688,0.015585533685582485,0.03243444538709999
45,0.0017016463249972427,-0.009453626976701419,-0.009988210537824225,-0.0130398235783598,0.010867357575033213,0.002960687582544863,-0.008965329559841155
46,0.0021134136345090024,-0.011044462958538146,-0.011748966398915768,-0.009752345525968103,0.016525244778152048,0.004947445616799788,-0.013747025265985178
47,0.011913024465324972,0.03352393379566164,0.0334674062879167,0.05401292586493131,-0.002179206553651616,0.01099745081438247,0.03239890124650766
48,0.017174542192998875,0.033614230675427154,0.033969456353138604,0.04248076106234199,0.004540504821232074,0.015171442937840115,0.03476636220625447
49,0.021309990437512354,0.026077548104141524,0.02526379008444859,0.022321524279345622,0.0240912132648687,0.02413298045005119,0.024936679568906904
50,-0.006460468852592381,-0.0048278104130575995,0.0014778993605185935,-0.0023961906208221423,-0.009219947831758876,-0.00730479231272242,-0.003940877233878398
51,0.0035278570599555623,0.009458150430389072,0.011074695083109928,0.01669826181184069,0.0009290475172326002,0.003187929433276283,0.007131137296386361
52,-0.016409872280070865,-0.01531435319972776,-0.016199379199664583,-0.017567343499425143,-0.017478365681576492,-0.016903022282172855,-0.01656901530577922
53,0.0062150896982312515,0.0054307482034018405,0.005264134374506711,-0.0016592051346261535,0.005416653666994737,0.0050065390084127045,0.009757142847222539
54,-0.007279496544023036,-0.006096101049763257,-0.009171616554485758,-0.007427940433991762,-0.012251366304477629,-0.008822916889312778,-0.006545514533025021
55,-0.012927115102770736,-0.017881295516449118,-0.016716385362006977,-0.021663255491061375,-0.007645626136302827,-0.01088646372721146,-0.01938411731969291
56,0.02730353645863806,0.034177928883033434,0.03505335020653139,0.04373466108479618,0.023765361429642508,0.02546546517049621,0.03576521572541775
57,0.0010891705228733904,0.0009262688774730638,-0.0015821878389296806,-0.0046756654613774986,-0.00045896335357500196,0.0005626036574652614,0.002978858182153772
58,0.0018658180004811772,-0.007268563540589718,-0.00961518424749689,-0.014816886201697086,0.005198516905784092,0.001180128025559617,-0.005094332510137003
59,0.014363721367871656,0.024798701051917484,0.025610854872730772,0.03306959921138179,0.005740533330812551,0.013135404497165083,0.026115183859489098
60,-0.0008126272225107979,0.004088331923998961,0.0052660259341685,0.007656443086839241,-0.005620602152714067,-0.0021343088926616387,0.005844579805548742
61,-0.013919990534526,-0.016894280355506004,-0.020289089634297992,-0.021277960180185997,-0.013298117701805537,-0.014919510614399157,-0.01505079237965591
62,-0.007828677580361775,-0.008733028642605504,-0.005999203504807648,-0.008373182548619991,-0.0073184789022852715,-0.007368266742537178,-0.009716386953658689
63,0.01628235050403729,0.018651426632147253,0.01641846022096663,0.023581493643523313,0.011535060395032635,0.013831634373623945,0.02173733713137355
64,-0.003403986045739525,-0.007206198710137646,-0.007247393098606921,-0.008409694264161717,-0.0021153970528921206,-0.003613219304981743,-0.008207374691553557
65,0.014117788818834036,0.014281291232308202,0.013250838582649832,0.013159383671406288,0.012704071713089227,0.013250541487768096,0.014521172840038371
66,0.005113037647590604,0.00808056770648363,0.007875555384472046,0.013156261128463482,0.0034757217452162617,0.00442085340203511,0.009041272690873544
67,-0.0013765163329789464,-0.0035321660662384403,-0.004066212039768036,-0.006348652224783586,0.0014675737681965086,-0.0011056744823771242,-0.0027373278890111923
68,-0.014549209647528481,-0.015463238389712105,-0.01925747591477721,-0.019273776133550514,-0.010985526232749175,-0.013463451713927585,-0.016288638177438197
69,0.0030149056488087914,0.0031674848022501803,0.0023336487886289766,0.0030541372451425523,0.0024896816073710797,0.0030463548513737933,0.004294085043438752
70,-0.023354454419571943,-0.04216118087478524,-0.040492667990026876,-0.05763791367799698,-0.004038444761482014,-0.01784345702845697,-0.04640082848507388
71,-0.006645910779224841,-0.010476995527166357,-0.010160709652625192,-0.01648766023590152,-0.0033328638370745556,-0.006443160726211255,-0.008593477821381344
72,0.0021481267975542112,0.009199216208281898,0.008792841341127074,0.012601765981856236,0.004645294317093182,0.004514252792785242,0.00678353460889522
73,-0.004256759409030886,-0.004439614272873024,-0.002418369877664799,-0.00473293173155095,-0.004384586680607093,-0.004061909377344544,-0.005544912200196524
74,0.006100127689632158,0.01015036261148441,0.009224055017421417,0.013482888549986685,0.0034897237366046294,0.005402784546376872,0.011424799003919007
75,-0.0037273819549386617,-0.0035066651710861864,-0.004694964482800328,-0.004225643213046751,-0.004840552838573009,-0.004173318292690912,-0.004985308916624274
76,-0.0027393283403812163,-0.002386334184818086,-0.002083496191234638,0.004007592814704837,-0.001548710029101692,-0.0016881376015695118,-0.0043924338320796745
77,-0.00247114714520185,-0.0008249780547678607,0.0007619842801229286,-0.007680575813861195,-0.0030624888052240705,-0.0012125377237705878,-0.0007915884954995814
78,0.018317951529769883,0.029188613192815523,0.029091379223818204,0.03604179846603626,0.010601480825107128,0.017830115902245428,0.029930548441887393
79,-0.0004578945953187014,-0.0018327593518646288,-0.001079537005541969,-0.002804721535999133,-0.0024772697768162652,-0.0012704345473334494,0.0003777185037001377
80,0.00219398295754281,0.00490123636232977,0.0030388180367223825,0.005893895680358221,-2.3224433963435746e-05,0.0013886772125364549,0.005502050474092717
81,-0.02862273287239081,-0.036308062837395474,-0.039124783531444475,-0.043606217489668656,-0.02153659975156604,-0.026346556517288802,-0.03984478152127394
82,-0.028247279586176177,-0.031178402801958195,-0.026667176480379782,-0.03614727513098087,-0.016528748244135933,-0.020894986605338315,-0.03722555309067466
83,0.00016947058137194558,0.0002788034346625616,0.0014478865110010692,0.0003018632777034752,-4.3427385798654724e-05,0.0011377845077124669,-0.0008273424058151436
84,0.0015697676616626668,-0.0012322243512398869,-0.0014541454299606198,-0.009434793583962642,0.0029054730506677443,0.004453901431587432,-0.0027027727272270316
85,-0.00041601297996369017,0.001576281131148585,0.005603234600030401,-0.00018184096828829027,0.003088935381091601,0.0023748786058946985,0.0005327571530750917
86,-0.003090253687834552,-0.0038157426313986218,-0.00441161706516621,-0.004601242667546953,-0.004157630423353272,-0.004931008453674609,-0.0021239837122322244
87,0.008365714687530348,0.015334818417455652,0.01766755143675225,0.01598827125431883,0.0030922331741949824,0.0066026737986209045,0.017044097560634068
88,-0.0025217151182816773,-0.00013017896598754625,-0.001153827077012489,0.011393353984093975,-0.00343908238979485,-0.0030058278702466096,-0.003826640815017683
89,-0.012801018517626236,-0.02183464566939968,-0.02149290454491149,-0.029729804254898372,0.0015839280385715625,-0.00584331357170194,-0.027870224305429337
90,-0.00021373534658417442,0.004010604227439228,0.002002172303278363,0.008344327557615485,-0.002388888954672035,-0.0018073453588208198,0.006291444306459337
91,0.006594027504170081,0.008491909802551328,0.008444585506537233,0.01360100913763818,0.004484096694921535,0.00511993197538281,0.011609279103292921
92,0.006410176594157142,0.010277309863751716,0.007948357666373338,0.01581863787125427,-0.00034089299891044517,0.0029195017363292373,0.013269555098262454
93,-0.007759530012461732,-0.00977319674842647,-0.01001778212485435,-0.010887225567255403,-0.007601776764169726,-0.007693371149288993,-0.011478002102882223
94,-0.0023346755898089127,-0.003784502356921659,-0.00259515986409698,-0.003987684995326974,0.0025467870865347577,-0.001414388121050884,-0.004887271081135728
95,0.0026075264041188154,0.004236460442449222,0.003537045588811194,0.00903392881080549,0.0020395132490032544,0.0016265370765235088,0.005097933563187969
96,-0.0004926029914495377,-0.0012739458447744987,-0.0008702401026204738,-0.007757684662270252,-0.000587801686859168,-0.0005582115178955937,-0.0008359471680590281
97,0.0004961460188601172,-0.004574507516846585,-0.005793359871862115,-0.005508187775565349,0.008274426391092682,0.0013737498509884558,-0.004937608877399303
98,0.03282010948049198,0.03925382416578854,0.04140763389446384,0.04802834682341348,0.029899916053818257,0.03298745127173897,0.040490527588331326
99,-0.0010668716803868966,0.004831845120174795,0.006056610639781416,0.004167616032690417,-0.0077772115693126405,-0.0028467139068948807,0.00443919494890764
100,0.004014570178055977,0.006335954550029882,0.005972630124739775,0.00906055246216981,-0.000612634792965659,0.002070279594943619,0.006691900875178902
101,0.004587390866156502,0.006875259271633706,0.010087014554102417,0.007470110052694874,0.006987901049909904,0.0069945207074966105,0.0031063015109907073
102,-0.0015597386343478908,0.0017548786398898471,0.005499163183355092,-0.0025747754485639096,-0.007610273243879989,-0.003310242151377164,0.003187567554981902
103,0.0006609723347755697,-0.001471687665313541,-0.002860892956327009,-0.0011692369218548055,0.0012864325262724292,-0.0005475279564837544,-0.0010746271664943147
104,-0.003029064943946113,-0.0030022292454446706,-0.0015921128495076189,-0.004649505212862719,-0.0028604687542664623,-0.004119203937102483,-0.003559465662946375
105,-0.032671740361327285,-0.045027775361110495,-0.0471803835537627,-0.06218566701226353,-0.023077618917741738,-0.031349221370243735,-0.047151037346372
106,0.0032139524358042017,0.003296940438247523,0.0035330648444241238,0.0017505389807567094,0.005130032402424455,0.0031388816977633727,0.0028359939766953017
107,0.015715756135561542,0.027775964717227833,0.029046618804918982,0.03367318293205326,0.005526414407982813,0.01304531326445008,0.03245356986354274
108,-0.004996512149187915,-0.005789368709861968,-0.005839042113715766,-0.012945133989547889,-0.005626657138678689,-0.006987586070693736,-0.003753139030340678
109,0.004265435649839175,0.006642172649075347,0.007231365500569934,0.01016506121545766,0.0035215582699002898,0.005057198253555803,0.005669710063560701
110,0.0012850912156843514,0.003854079239002008,0.004811273666799864,-0.0015368227570540917,0.0009604367396869949,0.0007424036542001527,0.0035649050627735756
111,-0.0035544835139209112,-0.008842671569986848,-0.008099377460393303,-0.013120998947521471,0.00016156701026897582,-0.0020421329530316145,-0.011555810359646375
112,0.009332532020823243,0.016262845060994357,0.01529007017499993,0.024935086572236233,0.005312393279005722,0.008858634790359421,0.015444277099046213
113,-0.004688228184774579,-0.004156039699442078,-0.006111671721462632,-0.0034233893196513264,-0.004851595520685117,-0.005323722277969997,-0.00512553824775965
114,-0.01311134727675259,-0.010544640973244859,-0.015064595503374632,-0.004750469090479139,-0.013979753381602997,-0.012966564644493082,-0.012548778978811282
115,0.014403752331845572,0.022399667460177852,0.023445345521071873,0.0298459121320429,0.00939082063180336,0.013998970080333465,0.02353672140016969
116,0.005805541540679294,0.008241485886507,0.011492157975059423,0.011296428183931529,0.0029347748759107313,0.005069581606244566,0.010416717996254704
117,0.006512518419183936,-0.0002370436085314439,-0.001246525598724846,-0.003126626290465356,0.009902992632998462,0.004767979973277062,0.0020756142492574783
118,-0.0006756295896124834,0.0027702805560591596,0.0008519847622570255,0.0081125742953071,-0.00016016581907218376,0.0008024982548923511,0.000537419696053295
119,0.0009791730353195108,-0.003013117349894694,-0.0024766852113420343,-0.007483752997807898,0.0020989625845613817,8.877446852109128e-05,-0.001953408173074173
120,0.01895656892227129,0.014375405670862167,0.014754597959794266,0.01683040877680207,0.016875362590636656,0.015883584176059375,0.0194992656755413
121,0.0059349731090159496,-0.0006684697054552008,-0.0008903513604718877,-0.0011969574684865046,0.0025668621294795196,0.0008359222455297517,0.006018553721109396
122,0.00361905409880372,0.003660259344136821,0.0019230830272749077,-0.001987708951573004,-0.0008072049239598855,0.002932672108017989,0.004440243152905614
123,-0.00014583685522048044,-0.0019819188200783096,0.0012032688582618491,-0.003414162244633358,-0.0001015233112237869,-0.0021317159043025076,0.0035491299572465167
124,-0.009578853378868879,-0.0008270387493494216,-0.0008296856253707385,0.002271447816718131,-0.008397413352303193,-0.005519965657929381,-0.0031601561683813114
125,0.002283132726467831,-0.0016013870790048048,-0.006823749830061853,-0.009157478651329227,0.003233842910403973,0.003455498692128425,0.0020059710112518493
126,0.018020771241528805,0.015269588657420717,0.012368120669864851,0.012879885347945052,0.020491664136719354,0.021571095693075717,0.013008095979107383
127,0.0037020894743920243,0.00885742432438967,0.009800181818872315,0.016776192526149737,-0.0011641286039590383,0.002956050382813641,0.008006764620951849
128,-0.00218162517780308,5.3437308836238637e-05,0.0009916513355474855,0.0033679552197598086,-0.0011654853789796662,-0.0018629104894725883,0.0013982178878104918
129,9.16782356512281e-05,-0.0028527504730181284,-0.0013778725464298166,-0.012859909584698846,-0.001294551668841587,-0.0001464968933070427,-0.0022579604215126076
130,-0.0035225508967029373,-0.005671491180522015,-0.0064496186210446,-0.006163545705093505,-0.0020135292178309365,-0.004361997036059174,-0.0045047609495515685
131,-0.0022894144364695485,0.0015088035731009683,0.002303157334379519,0.010544819931129821,-0.00576618807252033,-0.004236402787669517,0.0030940517566630165
132,-0.002869158535163792,-0.0017076711437526556,-0.0031023516528127246,-0.0022852120682913864,-0.003813458560605126,-0.0032779180206860556,-0.0021821258073193343
133,0.003662494554559723,0.0025386295852203545,0.0017182585828807418,-0.0014998922007422421,0.004906912190887015,0.004597765922163418,0.0038551813874253076
134,-0.008655287243559321,-0.007270127126386547,-0.00728059269348879,-0.00670193621511831,-0.00948101800728718,-0.008447519081500179,-0.008069461349410747
135,0.0009985652675519644,0.0008671129092089303,0.0016708107888043656,-0.0018283370566961148,0.0010748753577293085,0.0017750796553801492,0.0027891274992332335
136,0.011322244261611263,0.01241058701648792,0.010289841957198141,0.014876175905954234,0.010571142073283192,0.011906953709590001,0.013282120356409124
137,-0.019255266658719305,-0.04200059787760364,-0.043757259859927504,-0.056006373405822985,-0.003916019575837927,-0.01582996851117361,-0.041688683943389565
138,0.0007751006014215291,-0.0009181743878324413,-0.0015859706179887625,-0.007287355334261874,-0.0046844323959110735,0.000900707893013975,0.002244925409119624
139,-0.005015361235950504,-0.006452871096574651,-0.005437913923583133,-0.008132090848017245,-0.003968470495703993,-0.005357152889930963,-0.006491974548100144
140,-0.008748136353980524,-0.014033925821220162,-0.013216248891715094,-0.011005443194262825,-0.0035697723136997516,-0.00850063262540387,-0.015206385846243887
141,0.00603917327819612,0.006367210425673811,0.005647685853711377,0.006661326173362751,0.0004143379613792721,0.0038455181495561826,0.00964839103505873
142,0.002413552015863067,0.0029914608420954342,0.0033569656390697094,-0.002321439766028345,-0.0012388689687642257,0.0013975585739667152,0.004832263241942622
143,0.001332016053638461,0.00825760525177636,0.007632066023758503,0.010070968280064036,-0.0009091693849215839,0.0024332281974484386,0.006406907388148904
144,-0.0019231001055337843,-0.0023391055429761555,-0.004350224593746292,-0.009720037836566504,0.002255086546418876,0.0011925575838946936,-0.005616691827841065
145,0.009222634246902998,0.012166699184240556,0.01382413931089208,0.010161327536327229,0.005101732142002512,0.009029007076594923,0.014002093652472375
146,0.007097920996198263,0.009118780518788552,0.008834604845943244,0.011159741403374179,0.007229541916160065,0.007024967421921872,0.008041327941708627
147,-0.0022930211902408154,-0.005088277503887294,-0.00597798688116041,-0.008155701736745092,-0.0024117247228519676,-0.00419672262889024,-0.0036777815546482737
148,-0.005350936723628618,-0.011501352495618344,-0.012999478525222692,-0.015847893233219564,0.003202093296300068,-0.003081818796251823,-0.014661574531435578
149,0.015869336930961,0.013111675640125341,0.011075963591001036,0.009670687871632031,0.020652846222039233,0.01865060901025683,0.011621316541862069
150,0.024137042514374114,0.027543390630554658,0.02398717596053909,0.03214045310963138,0.028901272118438452,0.029665809163013847,0.022516141591017644
151,-0.004862693295686431,0.005606080733303076,0.0018865276003263648,0.0035910113208666374,-0.013182865114878336,-0.00448043846711047,0.004083212632567176
152,-0.00015756665664892912,0.0007109514372439839,0.0033657620292282093,0.003220468616978216,-0.0017555374856059003,-0.0015404443672437705,0.0030052695832591373
153,-0.0017509813507307732,-0.0010555865065838162,-0.0024174168204184458,-0.0029978774274903052,-0.004010266663915906,-0.00254098813683409,0.00031590050783663823
154,0.0012845671825847756,-0.000596729224475908,0.0008050308448099833,0.001348115906090498,0.0020560480400900363,0.00015751518345206758,0.0014072409011805429
155,-0.007521539889890817,-0.013081956653802204,-0.011906198839604575,-0.016999649994741902,-0.005443045487965987,-0.008424639602566156,-0.01226031038597908
156,0.00158716824259488,0.0017587075196579336,0.0021610827930133997,0.0031140905402470822,0.002152228520390127,0.0015092941226621547,0.0012997071651877309
157,-0.0012403674761573657,0.0009437151368919709,0.002292748681440981,0.008249537776076073,-0.0043538967700246746,-0.003588300069009408,0.0009888244989366215
158,-0.005703428246281499,-0.007583203741110703,-0.006235446405787498,-0.005264337548733201,-0.004516930425122549,-0.006293298351278974,-0.00819032745135811
159,0.000645094049712745,0.0013662163085932134,0.0023565358595208988,0.004159798786713511,-0.001278858927948846,-0.0005683140874176108,0.0044023114410195715
160,-9.120016161764728e-05,0.002862060534843003,0.002806455102195448,0.0015742824866949421,-0.0022780748624547692,0.00020862088068330004,0.002617178587981884
161,0.001513497264357663,0.0004400210386135106,0.0007165335020318127,0.0010618106918911874,0.00441609254245962,0.0012719476862777452,-0.0002769721053892245
162,0.0035096470052359014,0.0026769690673339,-0.0007811759967374033,-0.001718601199336911,0.003881739852604134,0.004759202811690812,0.0013157119027467621
163,-0.00721444711242076,-0.008248368189010832,-0.006975721477404568,-0.004770091526501427,-0.0055287344604259365,-0.007907278237596035,-0.008229022012639885
164,0.0013179659562922458,-0.0027301842915024915,-0.0058890652617562865,-0.004811380108784194,0.00426489706726419,0.003787969201229812,-0.0038513427982557226
165,0.001547370187155197,0.005158460566892053,0.0018623075746601256,0.005434658665723634,-0.0005248272564121016,0.0016792817707354407,0.00546565177927349
166,0.006039471139606795,0.015406009129312559,0.017339077884753033,0.01822759651218324,0.0016722074564189623,0.006889529540931362,0.015705698797963116
167,0.00039465342178576817,-0.0021004412748858816,-0.002761686382883107,-0.004865970200009247,0.00183486290011044,-0.000541636443528438,0.0002078955663361889
168,0.001299314325925253,0.0011507661517326866,0.00029339804521127775,0.0051493512527095294,3.5768737233254174e-05,-0.0003772240546021381,0.0036365632631405534
169,-0.0055386550865697175,-0.008179936588555542,-0.007523811226561035,-0.009262588702066393,-0.0032781481861444543,-0.006464814632964702,-0.007226129158463932
170,-0.01864390494473773,-0.028385315948271646,-0.02983924422964304,-0.026405859365945587,-0.013243851138482792,-0.016849823630614543,-0.028116614778900043
171,0.0005061624558689113,0.005053366563395846,0.006244721663617329,0.00014447398677785523,-0.003091164424187931,-0.0006960062706903109,0.004502186935542306
172,-0.006856570447132694,-0.005755227671524745,-0.00697584402840592,-0.0006106614212137344,-0.007629833956660083,-0.00664713959618095,-0.006647011064428535
173,0.007696300989273452,0.009805189950401713,0.00839054788836975,0.009582951307828394,0.005927667048237124,0.007502515254800986,0.010460913277597168
174,-0.0010084228956502668,-0.0012055856463902448,-0.0007993051485224703,-0.0031362488816698997,-0.0024007309749181156,-0.0017544617506716404,-0.0003389507221754002
175,0.0009489376413661784,0.0036794938125991267,0.0027844788551350825,0.0017127413596806456,0.00134511934193931,0.0028326025524674555,0.0002711697681246274
176,0.005418441846653067,0.0074189784603051,0.004702713749747908,0.0029049448330058787,0.006176165125085117,0.007465998667780486,0.0065816431448642325
177,-0.002768174691242982,-0.004937037309578005,-0.001038740419305106,-0.005507617513500299,-0.0020059183572001286,-0.004705504061350032,-0.0023612021424795513
178,-0.017781335184336725,-0.020665040407014366,-0.02297509856020316,-0.015708095782709774,-0.013305876317838113,-0.017054116018664345,-0.020466774782683904
179,0.005934517132654013,0.008075878344566531,0.006399084104124745,0.008396512495953209,0.004231412185493774,0.006336472200458297,0.0072459515830002
180,-0.0034446904525292834,-0.0009367780583294376,-0.0008423966009104189,-0.0005466740627172072,-0.004480605768664433,-0.0030471434224531423,-0.0008959126774151585
181,0.0035480815126298355,0.0042985069101478856,0.006717904799493511,0.0030566007824029537,0.003984261700126601,0.004169709899737187,0.0027837700915224442
182,0.0020722357903000333,0.005249580007590413,0.005049885075830541,0.0017318117585070464,0.0009097760189349606,0.00273636720459533,0.004640901408505477
183,0.014353839135283647,0.01634160857027674,0.018495014846327366,0.02687863865175522,0.011652514604507716,0.01239944710155942,0.018723474258143274
184,0.005597563602260319,0.003774395857918184,0.005275328157517832,0.0010816120239956577,0.002882982890298271,0.0038452087623988833,0.005990375200997871
185,-0.0022045324298767856,0.0005822659395229526,0.00012091219630129133,-0.0005293459082332167,-0.003732235984686399,-0.0019828752729794293,-0.0005690418275913847
186,0.0009313954446695813,-0.00010196476848004645,0.0006374261438233945,-0.0005069869242597501,0.0005087301841217055,0.000799677748267044,0.0003223425850944792
187,0.0008032443666013979,-0.00258131489582462,-0.0029776568252959518,-0.006514059556357611,0.0034860062546590064,0.0009684497995324854,-0.0023683230258496604
188,-0.007416929715424141,-0.010105087206329804,-0.010543939471081735,-0.012090681870318845,-0.007690790606767509,-0.008496754354727307,-0.008746710175900353
189,0.013946234641883621,0.013569442821564894,0.014517929499110224,0.013871042374005143,0.013542916346203918,0.013168433154367953,0.014878281143338862
190,0.00027234704963576543,-0.003627942632739381,-0.004152902844579071,-0.006036910452677007,-0.0005625170309726701,-0.0015336941072508444,-0.0021561709113380088
191,-8.428997051587371e-05,0.0024519270950147383,0.006199960018556209,0.0038143836918352342,0.0008504033178783542,0.0007113962354872679,0.00045869089194572115
192,0.0020986502504580476,-0.003290730835304236,-0.0034994756337109996,-0.0056055342402179425,0.007764080245886448,0.0027503876604950753,-0.003539521112332816
193,0.011998490995235978,0.008683085038622789,0.008029420166971777,0.00903744340873586,0.0133876148929987,0.011900990609072338,0.00986427253597469
194,0.0011788780939074683,0.0026581772976967647,0.002056446012152172,-0.00026812027399829557,-0.002107064291219126,-3.860413391368706e-05,0.0036450209099242363
195,-0.005003011275707708,-0.0049785685484906705,-0.005127586448531869,-0.007170418661922783,-0.004001517513058418,-0.0037636252540845867,-0.0050344774857120364
196,-0.0012715417227943439,-0.002641801589029094,-0.0014430296089598775,-0.0009205468056525868,-0.0030438992481996033,-0.002716216877802334,-0.001997279888337482
197,-0.002599484784313341,-0.0072493307013636364,-0.008839615336542277,-0.007842888834706897,0.0015719154402565193,-0.0016662108634668902,-0.0094857874389561
198,-0.0012184195577692408,-0.0006294553551371984,-0.0016274881060134242,-0.0026218516402813944,-0.0014785972451405278,-0.0011533145587977849,-0.0005608907463726287
199,0.007054583944330114,0.00854313293856075,0.007674012117906045,0.007698004672142106,0.0057643686902212115,0.006801782073871281,0.008601798695000128
200,-0.006332378348732326,-0.009632073292322053,-0.00852935983263634,-0.013903088954530532,-0.008313750411403538,-0.007680391588487811,-0.008149342952792266
201,0.008411919935528651,0.004787146660620731,0.0045452420218553575,0.003153799031413292,0.012787971637003502,0.009473932646271164,0.0044207985214406225
202,-0.0011576111016339138,-0.0038598366623263463,-0.004497381218466478,-0.003699046421792464,-0.0007479826816760287,-0.0032473890948090584,-0.0032657958074440783
203,0.002559658831652686,-0.0006907268562176603,-0.0017912645104056434,-0.006983957864877606,0.0022071375977789505,0.0007212298174577384,0.0009635454265241514
204,0.004636050346308225,0.006333231938744696,0.006612001237971948,0.009344552415185396,0.0023994554617890063,0.004319455681459213,0.0052975763733352456
205,-0.006220284991016051,-0.006152793097906447,-0.01109987246289566,-0.012381596313782904,-0.0081384595571141,-0.00537465397181921,-0.0076578219748852
206,0.013623189745938314,0.011576069715989346,0.010518046074732834,0.009130257746832349,0.011213790019533041,0.011139466815872452,0.012840289297350947
207,0.007777251591537944,0.005205589686722113,0.002423247037073749,0.0017667231423489306,0.008256025737678791,0.007817508815268276,0.0071520007073753175
208,0.004473651826692043,0.00269810548212434,0.0008798577243036297,0.006767571317760754,0.004037876741296385,0.00380578979601084,0.004715553215265709
209,-0.0010533927697831016,0.004625532414513681,0.003371133613399992,0.008113401137263339,-0.002968457481185865,-0.00011078523419082788,0.0038399289156543963
210,-0.0006019915809405598,0.0009103273519782613,0.0029822847021407656,0.0014535386130511082,-0.0004155088744954656,-8.16390795063509e-05,0.0005615503755113019
211,0.0010571435347284802,-0.002068132254247266,-0.003590719579636134,-0.008942623298721489,0.0029308420559348613,0.0020215208482770456,-0.0011625929538958627
212,-0.004870887622510504,-0.005157896674554998,-0.005413257027112,-0.002351308650989349,-0.004087384772256697,-0.00556465626858381,-0.005157578583968607
213,0.007889593428381489,0.0009922425079878826,0.00010246308271319926,-0.0024869171349080274,0.011809829307385396,0.006896508670573908,0.0013939900258458204
214,0.009340514827746308,0.007829874522612986,0.004528181400316803,0.011569899861448267,0.007816272983764512,0.007887766003457853,0.007490547568134044
215,-0.002222055343835193,-0.0010747107057346413,-0.0034205188010560496,-0.00549806144437537,0.00311456671213512,0.001834918397219653,-0.0045258954119511
216,0.00018510291775048778,-0.0005769948754668299,-0.006641236951715863,-0.00884908170820034,0.0035482700838263786,0.004023861351746868,-0.0012252702936681147
217,0.006211887717620265,0.006277061148469916,0.0043798977289579745,0.009689099850292881,0.010590774829286935,0.009289600102508708,0.004484836006808437
218,0.004606259310563974,0.0029259839743159466,0.0019124424969735616,-0.0006876547782612189,0.0038314941944791424,0.0039056903163237934,0.002698967835242837
219,0.001804900549736851,-0.0030918107093183523,-0.0017997596038509234,-0.0026303700224372074,0.01586915515956393,0.008158802963163616,-0.0075250945888343836
220,-0.010069043198140861,-0.0020420120771568358,-0.002946929234218944,0.01045273595917293,-0.009121661933268889,-0.0073331371525447355,-0.005332287892582778
221,0.0071374782950124165,0.006875031321520706,0.004200031475484991,-0.000513175329362191,0.004906497952097236,0.007613678262073319,0.005887958388245294
222,-0.009043892151388164,-0.015957038319232033,-0.010547192029474945,-0.01779312578793982,-0.0061058562324770825,-0.010174897726542714,-0.015747230793024838
223,-0.012136210552498812,-0.011826679446672421,-0.003779132230651016,0.00020059104451591948,-0.017217445331859423,-0.017015825589338385,-0.00537404643411757
224,-0.0015801738355995304,-0.0004229251457718031,0.0033314077064627097,-0.01013571288786602,-0.002774067218249373,-0.0029616565345623666,0.000750563921399567
225,0.007035341052614538,0.007020900565102882,0.00506638145618004,0.005980404223820471,0.003472693982184153,0.004787388918292362,0.01028907276171144
226,-0.002134333272116212,-0.004007755034194929,-0.0018870712205488645,-0.009544275571107364,0.0008746993778773272,-0.0016153441012930264,-0.004675430455027706
227,0.005430944221556635,-0.0020998141214690277,-0.006635130003784185,-0.00703272485269547,0.013489936966649066,0.006766407582517014,-0.0020718721348347083
228,-0.025028515056055377,-0.04616400486502831,-0.04572564766936474,-0.05657340027959822,-0.010065793432720448,-0.024489553378881465,-0.04150717262489455
229,0.00065630843143965,0.002852419146790952,0.0036416428996294673,0.00032750294415562957,-0.005978896361286537,-0.0012151062071334253,0.004645876646863444
230,-0.004609598715556467,-0.00967277333699751,-0.008749388804559301,-0.011124396657680485,-0.005302855468628964,-0.00769167661735377,-0.0061800785944182745
231,-0.007302440007860867,0.0022734237494209746,0.0016542320943164338,0.006484017101178202,-0.021653023605136358,-0.011465469128398393,0.006533621753457574
232,0.0016985387039907829,0.00763934525332313,0.006027439026982037,0.011203048252821549,-0.0032522892240325245,0.0016750272369338945,0.006051330800581237
233,-0.0015702464026357609,-0.005005365015556826,-0.004454227538854009,-0.008897839788607975,-0.004763054044750673,-0.00510861768921883,0.0003497042977267991
234,-0.004886715313382755,-0.00368561378092193,-0.0026947129714009425,0.0009538927366932396,-0.0051191739118637905,-0.006001789623328252,-0.0031834922781036686
235,0.01107328098624781,0.00663851184745329,0.007327736662487972,0.004730758697058082,0.00772990816510762,0.008869424531435603,0.007427148564451065
236,0.0006786692608256362,-0.0006449895449176003,-6.265142354500343e-05,-0.002730037367063725,-0.0023227396969684603,-0.000860026932595358,-0.0009173011187445765
237,-0.009411706173572272,-0.010441519603360361,-0.007089623419907887,-0.011000386819817626,-0.00593369672854371,-0.008450707874325131,-0.009472661868685651
238,0.003985424161370213,0.00328484023872008,0.0036178016672829753,0.004808885630383086,0.007097919893782857,0.004464562468532192,0.002027551532454661
239,-0.002536383696153187,-0.0002785380581622727,-0.0016621025351635464,-0.0027342171890054993,-0.0033830491465229877,-0.001810571396840805,-0.0009361384261185107
240,-0.003995565803954028,-0.004252193109471741,-0.002777865015747814,-0.005843456258440055,-0.004285589385299655,-0.004381810138074172,-0.0029651827985653473
241,-0.0019811762531005608,-0.002723796950142185,-0.003394347356024745,0.0010673095367937791,-0.0009094324582436183,-0.0012515816866414608,-0.002815654846528201
242,0.002432361265943153,0.0017397217981735837,0.0002874229309109337,0.0014382987713999697,0.005168785797838598,0.003728908168341265,0.0017609126778618507
243,0.010346975745288672,0.008386550322345938,0.005956978687306159,0.0006114151393429006,0.009136498517905052,0.009665890589180054,0.009079564837931594
244,0.007266450918439817,0.011819360247539927,0.013622256090642508,0.014316915552043306,0.006185631264694904,0.007772886029378655,0.011625376791145224
245,0.0020935461933269946,-0.0012911719370201629,-0.0019822062964208274,-0.003823384626106342,0.0002023729309429264,-0.000154392007551226,0.0007206531523903883
246,-0.003509647210730325,-0.007948415653223654,-0.01023723441806656,-0.00959237540036121,-0.005933146634019343,-0.005992161431191619,-0.004331729674609327
247,0.005349736735951768,0.004115198219188749,0.004066847527199822,-0.0017368499139117702,0.004062867572481501,0.004836433691800321,0.006850713113066352
248,-0.0030223095811078705,-0.0024663099709479478,-0.0023719760220945038,-0.005080122340388736,-0.0024789796194815594,-0.001675054726789621,-0.00335536466128928
249,-0.00791313695689723,-0.008855022966232877,-0.007652731967841651,-0.007266251761957325,-0.005258982827706552,-0.00710321733579415,-0.009739277934775204
250,-0.005581820235484377,-0.008281484476768715,-0.010225976703220323,-0.0038317492179151163,-0.00220632962058685,-0.005075084704056227,-0.009379028054535284
251,-0.002095619383597079,-0.012207983675310062,-0.01426411246624146,-0.01577023241968103,0.005500224577313551,0.0006900157410542774,-0.012543166220040635
252,-0.0030018410010280326,-0.029970145486894337,-0.028492805777123473,-0.0370419668366046,0.012627577408129892,-0.0001385675729998631,-0.02673500253214689
253,0.0017191981311809022,0.01166772620859011,0.011053322286632474,0.02001840434738741,-0.003342635821275315,0.0020795064830633693,0.008392470488161297
254,0.0013629542209361285,-0.0022443474149792335,-0.0014346176773785235,-0.011891374107580375,0.005645971974872163,0.0039035534053234425,-0.0022188104235166353
255,-0.0037687253645348456,-0.0036978931269991263,-0.003209975135024408,-0.0008943259682297107,-0.003343498050326439,-0.0030230983966382722,-0.004114844820372412
256,0.0070175275613831075,0.013984678000716589,0.012708312626136867,0.019657589296820294,0.005219847226403858,0.007659914954926868,0.01287739720625218
257,0.00435470207695931,0.007046486991114757,0.004913302841209658,0.0034871998969800504,-3.408403418953684e-05,0.0027355400398774575,0.008161637344321017
258,0.0018409641911672587,-0.0034783097806007995,-0.0033838664807584887,-0.01392564666912616,0.0022640619776131904,0.00010997944584417336,-0.0011201685800920848
259,0.002225013234976847,0.0036557164859368813,0.00401260459553701,0.005080505686674082,0.0026660342847204185,0.003397452955305036,0.0023183804733727365
260,0.003049749380627816,0.0073979331920677556,0.0064975718424526725,0.008267435622610543,0.002252939937258227,0.003566014902745462,0.007117502199407483
261,-0.006032396288232209,-0.004707617899650012,-0.0009182027222502303,-0.005033242178356275,-0.010216903888745786,-0.006951578912688838,-0.0026740048754975215
262,0.0053389358454745345,0.0073582867382384004,0.007242208962391497,0.012543814418018141,0.0016994171418455563,0.0025884218260277753,0.00836818254297676
263,-0.001232950028379086,-0.0023005528093460025,-0.0030446153486135556,-0.005974294602366548,-0.0027512566751045466,-0.00223479033903676,-0.0005305557056116751
264,0.00439552801271647,0.0073864543596854435,0.008224224876782643,0.007646184121373424,0.0038002078202354636,0.00521858593691995,0.005685596462252637
265,0.0051022447133304595,0.0051799838660676915,0.004740296186279378,0.005474499686455823,0.0036032395786167954,0.0038350505291605097,0.006271222300875774
266,0.004238330576377639,0.0003583858145070922,-0.00045780760620532527,-0.004923073974470162,0.005623463924593596,0.005051568942398714,0.0009361958769680813
267,0.006280483539802208,0.008256304718158023,0.008871968729646983,0.004714074454408246,0.00468880203684653,0.006651352451219898,0.0051216944573978665
268,0.00033878445085832476,-0.0005755816235747476,0.0008150912276859119,-0.002239033338599404,-0.0024406574956021545,-0.0001367855684626407,0.000822312974069515
269,-0.0015363279193826756,-0.00857741986345597,-0.00863674154606418,-0.008964329210633407,-0.0005562930796472152,-0.004109369094043336,-0.009961782096714559
270,0.005162515481959175,0.0075091353330794305,0.007723179235716797,0.002781011768646663,0.0019246365662694243,0.005601357568689733,0.007519544485327066
271,-0.008563884607605604,-0.005480194510416931,-0.005183397004012401,-0.007808530616002582,-0.005928950349992231,-0.005680268596546698,-0.008239102384517256
272,0.011760385401839196,0.012771695097728554,0.012419751241649393,0.006400521608383152,0.013206465868566596,0.01449357503004173,0.012275390466869627
273,0.004118103117185383,0.0074030649538282915,0.007686252794593065,0.013689797763676894,0.0011521604280188458,0.0032872203435156456,0.0077039267096236175
274,0.002422271333496166,0.0037054967236578432,0.004863275595033281,-0.0005779669782476666,0.0005463945396382241,0.0019906554795402795,0.006164868421017007
275,-0.0030218368970387067,-0.0011246817062494612,-0.00015840938902940806,0.0031097915813553946,-0.0045010012025455655,-0.00472205706325533,-3.707073250644023e-05
276,0.0006303028275595839,0.0010624453430544262,0.0011158746372065048,0.006464173384027031,0.0010298705199295148,0.00015258011565220635,0.0003366753801640061
277,-0.007642633955269253,-0.0086723422677232,-0.005305469086584258,-0.006038500087041135,-0.008116941322360719,-0.00798551079007728,-0.00804939379280487
278,0.0040399474456640746,0.003643310887754128,0.003847042646386366,0.00020239080695877437,6.327418605138295e-05,0.0019104140739447395,0.004150614647379328
279,0.001602796606144912,0.002621822975804936,0.0022583752620305474,0.0024927911165371804,0.0005144813972429142,0.0016292280688294167,0.0025807744412751415
280,-0.005218509409630183,-0.004937003465241617,-0.0025285759744985677,-0.006006710044807562,-0.007201459561207732,-0.006771583014421191,-0.005116940201259117
281,-0.0036350480605101677,0.0028645255944300093,0.008339464211559615,0.004100102140272475,-0.003300683974733636,-0.002109877570549268,0.0028260026396485084
282,0.004823185392997974,0.011972801801213243,0.010889280890662231,0.017723141014132537,0.001166692347010188,0.005417260576664151,0.009942904515304744
283,0.0026373180127970378,0.002833769088964642,0.0013645070505258392,0.007653655319975282,0.0027198296475352086,0.002167978543324288,0.0009002715992646943
284,-0.0005398676992548321,-0.005114391125688671,-0.006120772706297736,-0.006706463722958661,0.0007551396518657713,-0.0015153515515834413,-0.004009135741955433
285,-0.007405479680196931,-0.007385533229748959,-0.006583764182101401,-0.0054560855205281365,-0.0048973234924041134,-0.006338312615240349,-0.008922122160011814
286,-0.0012411522844516221,0.0028698658595918474,0.006247416615813182,-0.0020133461379074225,-0.00312434896838893,0.00027717682454036135,0.0013253359897036647
287,0.007522772686904751,0.010363290119041442,0.013316496605249431,0.010645642748907114,0.006672201859479188,0.008774393753705837,0.009259225355518893
288,0.0007133648113400188,-0.0026693094282095008,-0.002426500325866678,-0.006546384955794031,4.246473834406628e-06,-0.0004078215013159161,-0.002218226974803798
289,0.0007498738989485359,0.0010704759420201526,-0.0007143651770194446,-0.00010214921966877762,0.0010228747064016102,0.002008575410876432,-0.0011433380240436731
290,0.008349381141158718,0.007692043994198907,0.0077964635869380555,0.004540655773797869,0.005026986149528641,0.005146048518986541,0.00879247993230107
291,-0.009679790445910842,-0.010313324774386377,-0.011785655847773118,-0.00871726671587322,-0.00942725088773621,-0.010307107525832715,-0.009225810625139884
292,0.004118213167096118,0.0016077739125208346,0.0003357523805989431,0.002131432247588012,0.0013242412564870001,0.0011021809794581356,0.002324831826700644
293,0.0033167424400455574,0.005141365417327401,0.005715607358031735,0.0036987127339204603,0.003003904782795503,0.004840985977945008,0.002706257621079562
294,-0.005037794029957293,-0.0031305385273278177,-0.00217120828716312,-0.006384241203204638,-0.007917940546763588,-0.004713443461184412,-0.0024831486037032637
295,0.001025598471115983,0.0027923186377191473,0.0035142595955188513,-0.00010777659462055441,0.0037900335168392094,0.0034519560379476714,0.0019059364913994077
296,0.006413032104768939,0.005999143747773009,0.007497553625903111,0.008570364019942066,0.007710576856779958,0.007946436735407158,0.005273080744452772
297,-0.0007618861486496281,-0.006104979053017829,-0.004614769143179308,-0.00900158659393872,-0.0004947114601227369,-0.0033181997367059527,-0.00468359114246584
298,-0.004297611949581574,-0.0017621016599518068,-0.0026904379647406293,-0.001629028929917579,-0.0034401420150493543,-0.0023690793120934766,-0.0026646766523173012
299,-0.003584707869602922,-0.004028631745918015,-0.002576989495974628,-0.007827464866092858,-0.0015374817214247978,-0.0013323722230592484,-0.002796777902960799
300,-0.00963186837398736,-0.016536795058086855,-0.01736873421270666,-0.018572821925957356,-0.0025620524041554704,-0.008238298102451335,-0.016303677486204798
301,0.003814858304950817,0.007744182585092454,0.0102679623223394,0.007177013948348179,0.005558379267538699,0.005597151338829807,0.00405560689841202
302,0.014724222631900647,0.018846626740233848,0.017066040648305164,0.018605912656172178,0.010333122436217831,0.013747461457572932,0.02137680866492852
303,0.0032634723399130087,0.002728901817059208,0.0015785162024822088,0.0005504979058039116,0.002567728888208272,0.00289543857544624,0.0030046695714808364
304,0.0017114270837045578,0.001248262231468391,0.0014656128898795776,0.0009356653674179349,-0.0008872780817564076,0.000969919766118028,0.0029044697159238755
305,-0.00525625789757482,-0.006223942140229227,-0.007460881931245698,-0.01741653457851537,-0.0038217702570697456,-0.003508675601369923,-0.0018546600403378482
306,0.005971022686757015,0.004940019181165754,0.003585720590746392,0.0027049059854080694,0.0012391653392832816,0.0034717164312979736,0.009492550274389123
307,-0.004613892502698677,-0.006447292270162666,-0.007074170391446858,-0.010547548205369814,-0.0013652682141756208,-0.002245698469105556,-0.007979960033307863
308,0.0006504025549175471,0.0062868032569804305,0.006708005483313539,0.0068120190202821986,-0.004529212688055943,0.001460704330471809,0.005945964283415551
309,-0.00916592204111128,-0.012678018147233374,-0.011548013017454024,-0.012122509522762039,-0.005330658757364528,-0.008018817241250437,-0.013320484908819544
310,-0.00738998824058912,-0.006580627560866827,-0.0027625286486396834,-0.0102137883560615,0.0008487091643826577,-0.0018833154204899861,-0.01102226371310251
311,-0.007932889699732989,-0.0037790700847262428,-0.00285181722290197,-0.010806029035643419,-0.008592410053931082,-0.004954869067668974,-0.00596360082623466
312,-0.008172926104028503,-0.006072316868906351,-0.0050625484801687295,-0.0015269741269649999,-0.005280565806253096,-0.004880868674534589,-0.010582092755358303
313,0.0004445993082622114,0.0010315104138086898,0.0039025994116278226,0.00271120933872975,0.004552981781003734,0.004537151120325978,-0.00045359974695746296
314,0.0003309562301199069,-0.004328265624505631,-0.0056167490280319395,-0.006169044338267085,0.005133121970245148,0.001512628132889601,-0.0074412446635177855
315,-0.01384195182444036,-0.021803998514168456,-0.022002353130789465,-0.01595026306073925,-0.0024479711985852326,-0.010301553108193952,-0.026081912821438784
316,0.001609170060362896,0.007238974994503479,0.0073622579034969176,0.004938308858003919,0.0011991458057511995,0.002825867720266036,0.003571037443282996
317,0.0020014603313852383,0.0038910115586110934,0.007040446882500635,0.0008847734375802996,-0.00010236200331365043,0.0012227443562896206,0.0025841273825315276
318,0.003603985442434694,0.0023832803931204444,0.0001882126205881053,0.012251067677616809,0.003040797549321981,0.000446901442455857,0.002571007261612463
319,0.000783275367666143,0.000533624200498399,-0.0002815792246264891,0.004228885595092591,-0.001957997339510439,-0.002024259854479463,0.003153783281180882
320,-0.003477093607484734,-0.0010440587850160147,-0.00271596075669995,6.483717766039924e-05,-0.004376767031462744,-0.0038361151155169126,0.0006855498909465308
321,-0.0026628205303957527,-0.0039033551437553586,-0.004425248044553565,-0.005634886093427427,-0.0030086424669898307,-0.003932920353901307,-0.0030031600840152326
322,-0.0025484148481131727,-0.00361015128778347,-0.0026365964318952207,-0.0012776775195064533,-0.0018645820834311446,-0.002563983615177352,-0.0034217520509951483
323,-0.007810119614360909,-0.012195345643776315,-0.012608871017075415,-0.010890928672085977,-0.0020791952441239505,-0.006435912321637796,-0.014125470578034267
324,-0.007904079715767948,-0.019264746913035834,-0.012964889817440487,-0.016346811091630956,0.002367272502416907,-0.00704311834293522,-0.018921064882371275
325,0.0006234636855771633,0.005291487209655653,0.006098808089736722,0.007674352657504976,-0.004226277672366572,-0.0018714598971003053,0.006083001587832096
326,-0.009049009216166982,-0.013087348842399602,-0.007663326023737009,-0.017444010956601027,0.0037188620838212822,-0.004433337654955733,-0.0212080055953646
327,0.002852341048185404,0.0020109297289256475,0.0011743982559414398,0.000615171039765933,0.006161834680213232,0.005661505782173448,-0.002245189096713276
328,0.00716356657622197,0.0011796914543245238,-0.000613575972692868,0.00125174809975175,0.015339428697550705,0.008522707227279921,-0.0015098303712879856
